URL,Sitemap,Robots,Meta Title,Meta Title Count,Meta Description,Meta Description Count,Meta Keywords,Meta Keywords Count,Meta Robots,H1,H2,H3,H4,H5,H6,Open Graph,Canonical,Favicon,Google Search Console Connected,Jumlah Kata,Performance,Accessibility,Best Practices,SEO,Structure
https://alfagift.id,1.0,1.0,Tidak ditemukan,1.0,Tidak ditemukan,1.0,Tidak ditemukan,1.0,Tidak ditemukan,0.0,0.0,0.0,0.0,0.0,0.0,"{'og:title': 'Alfagift, Toko Alfamart Online. Belanja Groceries Hemat Gratis Ongkir.', 'og:description': 'jual berbagai produk grocery kebutuhan harian harga promo dan terjangkau. rasakan belanja online gratis ongkir tanpa batas di alfagift.id', 'og:image': 'Tidak ditemukan', 'og:url': 'Tidak ditemukan'}",1.0,1.0,1.0,1.0,9.0,81.0,89.0,75.0,76.0
https://berrybenka.com,1.0,1.0,Toko Fashion Wanita dan Pria Online. | Berrybenka.com,7.0,"Berrybenka adalah salah satu fashion brand Indonesia yang terdepan dalam menyediakan berbagai tren pakaian, tas, sepatu, dan aksesoris terkini dengan harga yang terjangkau. Jika kamu mencari beragam pilihan untuk semua kegiatanmu, seperti hari-hari santai, kerja, hangout, atau pesta – Berrybenka adalah pilihan setiap wanita.",8.0,"indonesia, jual, pakaian,  wanita, pria, fashion, butik, dress, pakaian",9.0,Tidak ditemukan,15.0,1.0,0.0,0.0,0.0,0.0,"{'og:title': 'Tidak ditemukan', 'og:description': 'Tidak ditemukan', 'og:image': 'Tidak ditemukan', 'og:url': 'Tidak ditemukan'}",1.0,1.0,1.0,196.0,42.0,61.0,56.99999999999999,83.0,55.0
https://blibli.com,,,,,,,,,,,,,,,,,,,,,26.0,92.0,93.0,92.0,88.0
https://bojonegoro.bojonegorokab.go.id/,1.0,0.0,Kecamatan Bojonegoro Kabupaten Bojonegoro,3.0,Tidak ditemukan,1.0,Tidak ditemukan,1.0,Tidak ditemukan,0.0,0.0,0.0,0.0,0.0,0.0,"{'og:title': 'Tidak ditemukan', 'og:description': 'Tidak ditemukan', 'og:image': 'Tidak ditemukan', 'og:url': 'Tidak ditemukan'}",1.0,1.0,1.0,473.0,,,,,
https://bojonegoro.bojonegorokab.go.id/ ,,,,,,,,,,,,,,,,,,,,,,,,,60.0
https://bukalapak.com,1.0,1.0,Situs Belanja Online dan Jual Beli Mudah Terpercaya | Bukalapak,9.0,"Situs Jual Beli Online Terpercaya di Indonesia. Belanja Online Murah, Aman dan Nyaman dari Jutaan Toko Online Pelapak Bukalapak Garansi Uang Kembali",2.0,Tidak ditemukan,1.0,Tidak ditemukan,1.0,4.0,15.0,0.0,0.0,0.0,"{'og:title': 'Belanja Murah & Lengkap yang Bikin Asik!', 'og:description': 'Beli sampai bayar dapet gratis ongkir/cashback, game hadiah jutaan, dan Serbu Seru pake recehan. Makhluk sejagat raya aja pake aplikasi Bukalapak!', 'og:image': 'https://s1.bukalapak.com/images/img_bnr/Open-Graph_2020-Rebranding.jpg', 'og:url': 'https://www.bukalapak.com/'}",1.0,1.0,1.0,1179.0,42.0,91.0,75.0,92.0,88.0
https://laku6.com,1.0,1.0,Laku6,0.0,,1.0,,1.0,Tidak ditemukan,1.0,2.0,2.0,13.0,0.0,0.0,"{'og:title': 'Tidak ditemukan', 'og:description': 'Tidak ditemukan', 'og:image': 'Tidak ditemukan', 'og:url': 'Tidak ditemukan'}",1.0,1.0,1.0,404.0,62.0,73.0,100.0,83.0,94.0
https://main.semarangkab.go.id/,1.0,1.0,KABUPATEN SEMARANG – BERDIKARI,3.0,Tidak ditemukan,1.0,Tidak ditemukan,1.0,max-image-preview:large,2.0,0.0,36.0,5.0,0.0,0.0,"{'og:title': 'Tidak ditemukan', 'og:description': 'Tidak ditemukan', 'og:image': 'Tidak ditemukan', 'og:url': 'Tidak ditemukan'}",1.0,1.0,1.0,899.0,49.0,80.0,75.0,85.0,57.0
https://mothercare.co.id,,,,,,,,,,,,,,,,,,,,,25.0,83.0,71.0,92.0,75.0
https://myhartono.com,1.0,1.0,Toko Elektronik Online | Promo AC TV Kulkas | Beli Elektronik | Free Ongkir,13.0,"Toko Elektronik Online pertama di Indonesia yang menyediakan pembayaran Cicilan 0%. Bebas Ongkir dan Cicilan 0% Komputer, LED Televisi, Kulkas, Mesin Cuci, Camera, AC, Audio Elektronik, Peralatan Dapur, Home Appliances, Kitchen Equipment, Small Home Appliances.",11.0,,1.0,Tidak ditemukan,1.0,6.0,27.0,0.0,0.0,0.0,"{'og:title': 'Tidak ditemukan', 'og:description': 'Tidak ditemukan', 'og:image': 'Tidak ditemukan', 'og:url': 'Tidak ditemukan'}",1.0,1.0,1.0,4840.0,24.0,85.0,89.0,92.0,71.0
https://orami.co.id,1.0,1.0,Orami - One-stop Solution for Parents,5.0,"Orami, situs terlengkap untuk para Mom's mulai dari belanja perlengkapan bayi, kebutuhan Ibu hamil & menyusui hingga ribuan artikel seputar parenting",3.0,Orami,1.0,index,1.0,0.0,5.0,0.0,0.0,1.0,"{'og:title': 'Orami - One-stop Solution for Parents', 'og:description': ""Orami, situs terlengkap untuk para Mom's mulai dari belanja perlengkapan bayi, kebutuhan Ibu hamil & menyusui hingga ribuan artikel seputar parenting"", 'og:image': 'https://www.orami.co.id/static/images/orami-parenting-meta-image.png', 'og:url': 'https://www.orami.co.id'}",1.0,1.0,1.0,68.0,27.0,87.0,96.0,92.0,83.0
https://ranchmarket.co.id,1.0,1.0,Ranchmarket,0.0,"Ranch Market presents high-quality products and products related to the healthy lifestyle of its customers such as fresh products, organic products, etc.",3.0,,1.0,Tidak ditemukan,1.0,5.0,10.0,0.0,8.0,0.0,"{'og:title': 'Tidak ditemukan', 'og:description': 'Tidak ditemukan', 'og:image': 'Tidak ditemukan', 'og:url': 'Tidak ditemukan'}",1.0,1.0,1.0,465.0,34.0,76.0,82.0,92.0,71.0
https://rsphc.ihc.id/,1.0,1.0,Home | RS PHC Surabaya,4.0,,1.0,Tidak ditemukan,1.0,Tidak ditemukan,0.0,14.0,4.0,7.0,1.0,0.0,"{'og:title': 'Tidak ditemukan', 'og:description': 'Tidak ditemukan', 'og:image': 'Tidak ditemukan', 'og:url': 'Tidak ditemukan'}",1.0,1.0,1.0,375.0,45.0,82.0,96.0,73.0,42.0
https://rsud.tangerangkota.go.id/,1.0,1.0,RSUD Kota Tangerang,2.0,RSUD Kota Tangerang,1.0,Tidak ditemukan,1.0,Tidak ditemukan,0.0,10.0,0.0,8.0,31.0,0.0,"{'og:title': 'Tidak ditemukan', 'og:description': 'Tidak ditemukan', 'og:image': 'Tidak ditemukan', 'og:url': 'http://rsud.tangerangkota.go.id'}",1.0,1.0,1.0,829.0,21.0,80.0,75.0,92.0,
https://rsud.tangerangkota.go.id/ ,,,,,,,,,,,,,,,,,,,,,,,,,38.0
https://sephora.co.id,1.0,1.0,Sephora Indonesia,1.0,Temukan produk kecantikan terbaik brand-brand global terkemuka. Dapatkan sampel gratis setiap berbelanja. Shipping gratis untuk pembelian diatas Rp500.000.,1.0,"Sephora, Indonesia, ID, Beauty, Cosmetics, Makeup, Skincare, Fragrances, Hair Care, Bath and Body, Free Delivery, Online, Store, Kecantikan, Kosmetik, Perawatan Kulit, Pengiriman Gratis",17.0,Tidak ditemukan,0.0,2.0,0.0,0.0,0.0,46.0,"{'og:title': 'Sephora Indonesia', 'og:description': 'Temukan produk kecantikan terbaik brand-brand global terkemuka. Dapatkan sampel gratis setiap berbelanja. Shipping gratis untuk pembelian diatas Rp500.000.', 'og:image': 'https://static-reg.lximg.com/assets/sephora_og_image-34f1169559fdb47662226655a01e2f90dabe8622664f82b7f9b4ed5907237b3d.jpg', 'og:url': 'www.sephora.co.id'}",1.0,1.0,1.0,933.0,29.0,100.0,71.0,85.0,88.0
https://shopee.co.id,1.0,1.0,Tidak ditemukan,1.0,Tidak ditemukan,1.0,Tidak ditemukan,1.0,Tidak ditemukan,0.0,0.0,0.0,0.0,0.0,0.0,"{'og:title': 'Tidak ditemukan', 'og:description': 'Tidak ditemukan', 'og:image': 'Tidak ditemukan', 'og:url': 'Tidak ditemukan'}",1.0,1.0,1.0,6.0,,,,,91.0
https://sicepat.com,1.0,1.0,SiCepat | Layanan Kirim Paket Ekspres No.1 di Indonesia,8.0,PT.SiCepat Ekspres adalah perusahaan layanan pengiriman terbaik di Indonesia yang berdiri sejak 2014.,1.0,Tidak ditemukan,1.0,Tidak ditemukan,6.0,0.0,7.0,0.0,0.0,0.0,"{'og:title': 'Tidak ditemukan', 'og:description': 'Tidak ditemukan', 'og:image': 'Tidak ditemukan', 'og:url': 'Tidak ditemukan'}",1.0,1.0,1.0,381.0,46.0,90.0,75.0,100.0,87.0
https://sociolla.com,1.0,1.0,Situs Kosmetik Terlengkap & Terpercaya #1 di Indonesia - Sociolla,9.0,"Nikmati promo belanja hingga 50% Off, Extra Voucher, Bebas Ongkir Tanpa Syarat se-Indonesia! Temukan pilihan produk kecantikan 100% BPOM untuk setiap kebutuhanmu",3.0,"online,store,terpercaya,beauty,kecantikan,skincare,kosmetik,makeup,beauty tools,catokan,kosmetik asli,skincare asli,toko online",13.0,Tidak ditemukan,1.0,0.0,0.0,0.0,0.0,0.0,"{'og:title': 'Tidak ditemukan', 'og:description': 'Tidak ditemukan', 'og:image': 'Tidak ditemukan', 'og:url': 'Tidak ditemukan'}",1.0,1.0,1.0,10.0,26.0,86.0,96.0,92.0,87.0
https://tokopedia.com,,,,,,,,,,,,,,,,,,,,,28.000000000000004,75.0,75.0,100.0,87.0
https://tubankab.go.id/home,1.0,1.0,Situs Resmi Pemerintah Kabupaten Tuban,4.0,Situs Resmi Pemerintah Kabupaten Tuban,1.0,"tuban,indonesia,kabupaten,jawa timur,bumi wali, dinas komunikasi dan informatika, website kab.tuban",7.0,Tidak ditemukan,5.0,6.0,52.0,11.0,0.0,0.0,"{'og:title': 'Tidak ditemukan', 'og:description': 'Tidak ditemukan', 'og:image': 'Tidak ditemukan', 'og:url': 'Tidak ditemukan'}",1.0,1.0,1.0,818.0,38.0,61.0,89.0,92.0,58.0
https://unesa.ac.id,,,,,,,,,,,,,,,,,,,,,17.0,82.0,68.0,77.0,76.0
https://uniqlo.com/,1.0,1.0,UNIQLO網路旗艦店 首頁 - UNIQLO台灣,3.0,Tidak ditemukan,1.0,Tidak ditemukan,1.0,Tidak ditemukan,0.0,0.0,0.0,0.0,0.0,0.0,"{'og:title': 'Tidak ditemukan', 'og:description': 'Tidak ditemukan', 'og:image': 'https://www.uniqlo.com/tw/public/uqtw/assets/logo_2.jpg', 'og:url': 'https://www.uniqlo.com/tw/zh_TW/'}",1.0,1.0,1.0,0.0,27.0,94.0,50.0,92.0,64.0
https://universitaspertamina.ac.id/,0.0,0.0,Universitas Pertamina,1.0,Temukan universitas energi terbaik di Indonesia dan universitas swasta terbaik di Jakarta dengan program unggulan dan fasilitas modern untuk masa depan energi terbarukan.,1.0,Tidak ditemukan,1.0,Tidak ditemukan,0.0,3.0,17.0,0.0,0.0,0.0,"{'og:title': 'Tidak ditemukan', 'og:description': 'Tidak ditemukan', 'og:image': 'Tidak ditemukan', 'og:url': 'Tidak ditemukan'}",1.0,1.0,1.0,4048.0,[38.0],[96.0],[96.0],[100],87.0
https://www.antaranews.com,1.0,1.0,Berita terkini dan terpercaya Indonesia - ANTARA News,7.0,"Berita terkini dan terpercaya dari Indonesia dan dunia seputar politik, ekonomi, bisnis, humaniora, gaya hidup, hiburan, sepak bola, otomotif",8.0,Tidak ditemukan,1.0,Tidak ditemukan,0.0,17.0,445.0,416.0,0.0,10.0,"{'og:title': 'Tidak ditemukan', 'og:description': 'Tidak ditemukan', 'og:image': 'Tidak ditemukan', 'og:url': 'Tidak ditemukan'}",1.0,1.0,1.0,6623.0,27.0,72.0,100.0,83.0,67.0
https://www.atrbpn.go.id,1.0,1.0,Web ATR BPN,2.0,"Website Kementerian Agraria / Badan Pertanahan Nasional. PTSL, Daftar PPAT, Website Kementerian Daerah, Layanan Pertanahanan",4.0,"Kantor Pertanahan, Agraria, PTSL, Daftar PPAT, Website Pertanahan, Atrbpn, ATR BPN, ATR, ATRBPN pusat, Website Pertanahan dan Agraria, Kantor Pertanahan Daerah, data BPHTB, Lokasi PTSL, Pengumuman Sertipikat Hilang, Layanan Pertanahan, Kantor pertanahan Denpasar, kantor pertanahan Samarinda, Kantor Pertanahan Surabaya, Kantor pertanahan Riau, Kantor Pertanahan Jayapura, Kantor Pertanahan Yogyakarta, Kantor Pertanahan Jakarta, Kantor Pertanahan Tangerang, kantor Pertanahan Pusat, Kantor Pertanahan Aceh, Kantor Pertanahan Daerah",26.0,"index, follow",0.0,0.0,0.0,0.0,0.0,0.0,"{'og:title': '', 'og:description': '', 'og:image': '', 'og:url': ''}",1.0,1.0,1.0,9.0,93.0,84.0,43.0,82.0,51.0
https://www.bpk.go.id,,,,,,,,,,,,,,,,,,,,,31.0,71.0,71.0,82.0,59.0
https://www.ciputrahospital.com,1.0,1.0,Ciputra Hospital - Rumah Sakit Nasional Terbaik Bertaraf Internasional,8.0,Ciputra Hospital merupakan salah satu rumah sakit nasional terbaik bertaraf internasional yang memiliki fasilitas modern dan tim dokter berpengalaman,1.0,Tidak ditemukan,1.0,"index, follow, max-image-preview:large, max-snippet:-1, max-video-preview:-1",3.0,1.0,15.0,1.0,1.0,0.0,"{'og:title': 'Ciputra Hospital - Rumah Sakit Nasional Bertaraf International dan Terbaik di Indonesia', 'og:description': 'Tidak ditemukan', 'og:image': 'Tidak ditemukan', 'og:url': 'https://ciputrahospital.com/'}",1.0,1.0,1.0,643.0,23.0,64.0,96.0,100.0,
https://www.ciputrahospital.com ,,,,,,,,,,,,,,,,,,,,,,,,,83.0
https://www.cnnindonesia.com,1.0,1.0,"CNN Indonesia | Berita Terbaru, Terkini Indonesia, Dunia",7.0,"CNNIndonesia.com menyajikan berita Terbaru, Terkini Indonesia seputar nasional, politik, ekonomi, internasional, olahraga, teknologi, hiburan, gaya hidup.",9.0,"cnn, cnn indonesia, indonesia, berita, berita terbaru, berita terkini, berita indonesia, berita dunia, berita nasional, berita politik, berita ekonomi, berita internasional, berita olahraga",13.0,"index, follow",1.0,28.0,0.0,0.0,0.0,0.0,"{'og:title': 'CNN Indonesia | Berita Terbaru, Terkini Indonesia, Dunia', 'og:description': 'CNNIndonesia.com menyajikan berita Terbaru, Terkini Indonesia seputar nasional, politik, ekonomi, internasional, olahraga, teknologi, hiburan, gaya hidup.', 'og:image': 'https://cdn.cnnindonesia.com/cnnid/images/logo_cnn_fav.png?v=11.0.3', 'og:url': 'https://www.cnnindonesia.com/'}",1.0,1.0,1.0,510.0,52.0,73.0,50.0,92.0,60.0
https://www.dephub.go.id,1.0,1.0,Kementerian Perhubungan Republik Indonesia,3.0,"Kementerian Perhubungan Republik Indoensia merupakan instansi pemerintah yang merumuskan, menetapkan, dan menjalankan kebijakan sektor transportasi. Kebijakan antara lain menyangkut pelayanan, keselamatan, keamanan, peningkatan aksesibilitas, serta konektivitas sarana dan prasarana transportasi.",7.0,"perhubungan,kementrian,dephub,kemenhub,transportation,ministry,indonesia,kemenhub",8.0,"index, follow",0.0,6.0,0.0,4.0,2.0,0.0,"{'og:title': 'Tidak ditemukan', 'og:description': 'Tidak ditemukan', 'og:image': 'Tidak ditemukan', 'og:url': 'Tidak ditemukan'}",1.0,1.0,1.0,787.0,4.0,73.0,96.0,83.0,32.0
https://www.detik.com,1.0,1.0,detikcom - Informasi Berita Terkini dan Terbaru Hari Ini,8.0,"Indeks berita terkini dan terbaru hari ini dari peristiwa, kecelakaan, kriminal, hukum, berita unik, Politik, dan liputan khusus di Indonesia dan Internasional",7.0,"berita hari ini, berita terkini, berita terbaru, info berita, peristiwa, kecelakaan, kriminal, hukum, berita unik, Politik, liputan khusus, Indonesia, Internasional",13.0,"index, follow",1.0,35.0,96.0,10.0,0.0,0.0,"{'og:title': 'detikcom - Informasi Berita Terkini dan Terbaru Hari Ini', 'og:description': 'Indeks berita terkini dan terbaru hari ini dari peristiwa, kecelakaan, kriminal, hukum, berita unik, Politik, dan liputan khusus di Indonesia dan Internasional', 'og:image': 'https://awscdn.detik.net.id/detik2/images/logo.jpg', 'og:url': 'https://www.detik.com'}",1.0,1.0,1.0,1804.0,20.0,66.0,68.0,92.0,53.0
https://www.esdm.go.id,1.0,1.0,Kementerian ESDM RI - Site,4.0,Kementerian Energi dan Sumber Daya Mineral - Republik Indonesia,1.0,"esdm, migas, kementerian",3.0,Tidak ditemukan,0.0,0.0,9.0,17.0,10.0,0.0,"{'og:title': 'Tidak ditemukan', 'og:description': 'Tidak ditemukan', 'og:image': 'Tidak ditemukan', 'og:url': 'Tidak ditemukan'}",1.0,1.0,1.0,1285.0,,,,,56.0
https://www.gramedia.com/,1.0,1.0,Toko Buku Online Terbesar | Gramedia.com,5.0,Toko Buku Online Gramedia menyediakan aneka buku berkualitas dan terlengkap. Nikmati promo buku murah dengan pengiriman beragam,1.0,,1.0,Tidak ditemukan,0.0,0.0,0.0,0.0,0.0,1.0,"{'og:title': 'Gramedia.com', 'og:description': 'Toko Buku Online Gramedia menyediakan aneka buku berkualitas dan terlengkap. Nikmati promo buku murah dengan pengiriman beragam', 'og:image': 'https://static.gramedia.net/gramedia-social-icon.png', 'og:url': 'https://www.gramedia.com/'}",1.0,1.0,1.0,6.0,22.0,75.0,79.0,92.0,79.0
https://www.ipb.ac.id,1.0,1.0,IPB University,1.0,Home IPB University,1.0,Tidak ditemukan,1.0,"index, follow, max-image-preview:large, max-snippet:-1, max-video-preview:-1",0.0,4.0,7.0,16.0,0.0,6.0,"{'og:title': 'IPB University', 'og:description': 'Home IPB University', 'og:image': 'Tidak ditemukan', 'og:url': 'https://www.ipb.ac.id/'}",1.0,1.0,1.0,850.0,9.0,87.0,54.0,85.0,54.0
https://www.itb.ac.id,0.0,1.0,Institut Teknologi Bandung,2.0,,1.0,"itb, institut teknologi bandung, bandung, indonesia, ITB, Institution of higher learning of science, technology, and fine arts, with a mission of education, research, and services to the community. In Harmonia Progressio - Kemajuan dalam keselarasan",11.0,Tidak ditemukan,1.0,6.0,32.0,8.0,0.0,0.0,"{'og:title': '', 'og:description': '', 'og:image': 'https://itb.ac.id/images/logo-itb-small.png', 'og:url': 'https://itb.ac.id/'}",1.0,1.0,1.0,614.0,[41.0],[89.0],[96.0],[92.0],86.0
https://www.its.ac.id,1.0,1.0,Beranda - Institut Teknologi Sepuluh Nopember (ITS),6.0,"Institut Teknologi Sepuluh Nopember (ITS) adalah perguruan tinggi unggulan di bidang sains, teknologi, dan seni di Indonesia",3.0,"campus,technology,study,research,admission",5.0,"index, follow, max-image-preview:large, max-snippet:-1, max-video-preview:-1",1.0,3.0,13.0,6.0,11.0,8.0,"{'og:title': 'Home', 'og:description': 'Institut Teknologi Sepuluh Nopember (ITS) adalah perguruan tinggi unggulan di bidang sains, teknologi, dan seni di Indonesia', 'og:image': 'https://www.its.ac.id/wp-content/themes/ITS/assets/img/header-image-default.jpg', 'og:url': 'https://www.its.ac.id/'}",1.0,1.0,1.0,629.0,37.0,79.0,56.99999999999999,92.0,64.0
https://www.jombangkab.go.id/,,,,,,,,,,,,,,,,,,,,,62.0,77.0,96.0,92.0,65.0
https://www.kemdikbud.go.id,,,,,,,,,,,,,,,,,,,,,,,,,86.0
https://www.kemendag.go.id,1.0,1.0,Beranda - Kementerian Perdagangan Republik Indonesia,5.0,Beranda - Website Resmi Kementerian Perdagangan Republik Indonesia,1.0,"Kementerian Perdagangan, kemendag, Kementerian, Perdagangan, Indonesia ",5.0,Tidak ditemukan,0.0,0.0,7.0,0.0,33.0,14.0,"{'og:title': 'Beranda - Kementerian Perdagangan Republik Indonesia', 'og:description': 'Beranda - Website Resmi Kementerian Perdagangan Republik Indonesia', 'og:image': 'https://www.kemendag.go.id/assets/imgs/part/about.png', 'og:url': 'Tidak ditemukan'}",1.0,1.0,1.0,1147.0,,,,,28.0
https://www.kemenkumham.go.id,1.0,1.0,Beranda | Kementerian Hukum RI - web.kemenkum.go.id,6.0,Official Website Kementerian Hukum RI,1.0,"Kemenkum, Kementerian Hukum",2.0,Tidak ditemukan,0.0,3.0,2.0,10.0,2.0,1.0,"{'og:title': 'Beranda | Kementerian Hukum RI', 'og:description': 'Tidak ditemukan', 'og:image': 'Tidak ditemukan', 'og:url': 'https://www.kemenkumham.go.id/'}",1.0,1.0,1.0,1088.0,18.0,71.0,96.0,83.0,42.0
https://www.kemenparekraf.go.id,1.0,1.0,Kementerian Pariwisata dan Ekonomi Kreatif,4.0,Kemenparekraf Republik Indonesia adalah kementerian negara yang membidangi urusan pariwisata dan ekonomi kreatif.,1.0,"Kemenparekraf,Baparekraf,Pariwisata,Ekonomi Kreatif,Kementerian Pariwisata dan Ekonomi Kreatif/ Badan Pariwisata dan Ekonomi Kreatif Republik Indonesia",5.0,Tidak ditemukan,0.0,0.0,0.0,0.0,0.0,0.0,"{'og:title': 'Tidak ditemukan', 'og:description': 'Tidak ditemukan', 'og:image': 'Tidak ditemukan', 'og:url': 'Tidak ditemukan'}",1.0,1.0,1.0,103.0,35.0,82.0,79.0,92.0,77.0
https://www.kemensos.go.id,1.0,1.0,Kementerian Sosial Republik Indonesia,3.0,Kementerian Sosial Republik Indonesia,1.0,"kemsos, kemensos, sosial, pkh, bpnt, rastra, bst, blt bbm, rst, pena, dayasos, linjamsos, rehabilitasi sosial, mensos, penyuluhan sosial, ppidkemensos, atensi, rehsos, peksos, pensos",20.0,Tidak ditemukan,0.0,5.0,0.0,43.0,0.0,0.0,"{'og:title': ' ', 'og:description': 'Kementerian Sosial Republik Indonesia', 'og:image': 'https://kemensos.go.id/uploads/settings/15642300226502.png', 'og:url': 'https://kemensos.go.id'}",1.0,1.0,1.0,2242.0,20.0,75.0,89.0,92.0,37.0
https://www.kemkes.go.id,,,,,,,,,,,,,,,,,,,,,,,,,38.0
https://www.kkp.go.id,1.0,1.0,KKP | Kementerian Kelautan dan Perikanan,5.0,Halaman Utama Website Kementerian Kelautan dan Perikanan,1.0,Tidak ditemukan,1.0,Tidak ditemukan,5.0,0.0,2.0,0.0,0.0,0.0,"{'og:title': 'Tidak ditemukan', 'og:description': 'Tidak ditemukan', 'og:image': 'Tidak ditemukan', 'og:url': 'Tidak ditemukan'}",1.0,1.0,1.0,709.0,32.0,74.0,96.0,91.0,44.0
https://www.kompas.com,1.0,1.0,"Berita Terkini Hari Ini, Kabar Akurat Terpercaya - Kompas.com",8.0,"Kompas.com - Berita Indonesia dan Dunia Terkini Hari Ini, Kabar Harian Terbaru Terpercaya Terlengkap Seputar Politik, Ekonomi, Travel, Teknologi, Otomotif, Bola",7.0,"Berita Terkini, Berita Hari Ini, Berita Harian, Berita Terbaru, Berita Akurat, Berita Terpercaya, Berita indonesia, Berita Terpopuler, Berita, Info Terkini, Jernih Melihat Dunia, Kompas",12.0,"index, follow",8.0,11.0,3.0,62.0,0.0,0.0,"{'og:title': 'Berita Terkini Hari Ini, Kabar Akurat Terpercaya - Kompas.com', 'og:description': 'Kompas.com - Berita Indonesia dan Dunia Terkini Hari Ini, Kabar Harian Terbaru Terpercaya Terlengkap Seputar Politik, Ekonomi, Travel, Teknologi, Otomotif, Bola', 'og:image': 'https://asset.kompas.com/data/2019/kompascom/banner-jmd-3.jpg', 'og:url': 'https://www.kompas.com/'}",1.0,1.0,1.0,1858.0,25.0,71.0,32.0,92.0,58.0
https://www.liputan6.com,1.0,1.0,"Berita Terkini, Kabar Terbaru Hari Ini Indonesia dan Dunia - Liputan6.com",10.0,"Berita hari ini Indonesia dan Dunia, kabar terbaru terkini. Situs berita terpercaya dari politik, peristiwa, bisnis, bola, tekno hingga gosip artis",6.0,"berita hari ini, berita harian, berita terkini, berita terbaru, berita indonesia, berita terpopuler, berita, info terkini, berita dunia, peristiwa hari ini",10.0,"index, follow",1.0,4.0,10.0,86.0,0.0,0.0,"{'og:title': 'Berita Terkini, Kabar Terbaru Hari Ini Indonesia dan Dunia - Liputan6.com', 'og:description': 'Berita hari ini Indonesia dan Dunia, kabar terbaru terkini. Situs berita terpercaya dari politik, peristiwa, bisnis, bola, tekno hingga gosip artis', 'og:image': 'https://preview-kly.akamaized.net/og/liputan6.com.jpg', 'og:url': 'https://www.liputan6.com'}",1.0,1.0,1.0,3017.0,23.0,85.0,50.0,92.0,61.0
https://www.matahari.com,1.0,1.0,"Belanja Online Fashion  Lifestyle Gampang, Aman, Terpercaya. | matahari.com",9.0,Belanja Online Fashion di Matahari.com banyak keuntungan mulai dari cashback voucher sampai dengan bebas ongkos kirim hanya di Matahari.com,1.0,Matahari Ecommerce,1.0,"INDEX,FOLLOW",0.0,0.0,16.0,0.0,0.0,0.0,"{'og:title': 'Belanja Online Fashion  Lifestyle Gampang, Aman, Terpercaya. | matahari.com', 'og:description': 'Tidak ditemukan', 'og:image': 'Tidak ditemukan', 'og:url': 'Tidak ditemukan'}",1.0,1.0,1.0,2787.0,19.0,68.0,68.0,83.0,78.0
https://www.menlhk.go.id,1.0,1.0,Beranda | Kementerian Lingkungan Hidup Dan Kehutanan,6.0,"menteri, lingkungan hidup, hutan, alam indonesia, pemerintah",5.0,Kementerian Lingkungan Hidup dan Kehutanan Republik Indonesia,1.0,Tidak ditemukan,0.0,0.0,5.0,1.0,0.0,0.0,"{'og:title': 'Tidak ditemukan', 'og:description': 'Tidak ditemukan', 'og:image': 'Tidak ditemukan', 'og:url': 'Tidak ditemukan'}",1.0,1.0,1.0,50.0,26.0,86.0,96.0,100,92.0
https://www.mitrakeluarga.com,1.0,1.0,Mitra Keluarga,1.0,"Rumah Sakit Mitra Keluarga menjadi Mitra Keluarga, menghidupkan keluarga dalam Mitra Keluarga, menjadi lebih dari sekedar rumah sakit. Menjadi lebih dinamis dan hidup. Mitra Keluarga adalah &quot;life.love.laughter.&quot;. Mitra Keluarga Berangkat dari komitmen untuk &quot;menyentuh&quot; lebih banyak keluarga Indonesia, kita siap melangkah maju.",4.0,"Mitra Keluarga, rumah sakit, spesialis kulit, spesial mata, spesialis urologi, spesialis anak, spesialis penyakit dalam, spesialis tht, spesialis paru, spesialis kulit dan kelamin, spesialis, spesialis penyakit, indonesia, hospital, healthcare, specialist service, medical center",17.0,Tidak ditemukan,0.0,0.0,0.0,0.0,0.0,0.0,"{'og:title': 'Mitra Keluarga', 'og:description': 'Rumah Sakit Mitra Keluarga menjadi Mitra Keluarga, menghidupkan keluarga dalam Mitra Keluarga, menjadi lebih dari sekedar rumah sakit. Menjadi lebih dinamis dan hidup. Mitra Keluarga adalah &quot;life.love.laughter.&quot;. Mitra Keluarga Berangkat dari komitmen untuk &quot;menyentuh&quot; lebih banyak keluarga Indonesia, kita siap melangkah maju.', 'og:image': 'Tidak ditemukan', 'og:url': 'Tidak ditemukan'}",1.0,1.0,1.0,0.0,45.0,72.0,75.0,100.0,85.0
https://www.okezone.com,1.0,1.0,Okezone.com - Berita Terkini dan Informasi Terbaru Hari Ini,8.0,"Berita terkini dan terbaru hari ini, terpercaya dan terlengkap. Okezone membahas Politik, Ekonomi, Travel, Lifestyle, Selebriti, Bola, Sports sampai berita Internasional",8.0,Tidak ditemukan,1.0,"index, follow",1.0,0.0,0.0,0.0,0.0,0.0,"{'og:title': 'Okezone.com - Berita Terkini dan Informasi Terbaru Hari Ini', 'og:description': 'Berita terkini dan terbaru hari ini, terpercaya dan terlengkap. Okezone membahas Politik, Ekonomi, Travel, Lifestyle, Selebriti, Bola, Sports sampai berita Internasional', 'og:image': 'https://cdn.okezone.com/underwood/img/okz2016.jpg', 'og:url': 'https://www.okezone.com/'}",1.0,1.0,1.0,360.0,42.0,87.0,56.99999999999999,100.0,64.0
https://www.pertanian.go.id,1.0,1.0,Kementerian Pertanian Republik Indonesia,3.0,Tidak ditemukan,1.0,Tidak ditemukan,1.0,Tidak ditemukan,0.0,3.0,4.0,38.0,1.0,1.0,"{'og:title': 'Kementerian Pertanian Republik Indonesia', 'og:description': 'Bekerja Sepenuh Hati Untuk Pertanian Kita', 'og:image': 'https://www.pertanian.go.id/img/logo.png', 'og:url': 'https://www.pertanian.go.id/'}",1.0,1.0,1.0,834.0,,,,,66.0
https://www.pu.go.id,,,,,,,,,,,,,,,,,,,,,,,,,70.0
https://www.republika.co.id,1.0,1.0,Republika Online,1.0,"Republika Online - berita terkini, berita hari ini, membahas isu politik, Dunia Islam dan peristiwa terhangat indonesia",4.0,"berita terkini, berita hari ini,  isu politik, Dunia Islam dan peristiwa terhangat indonesia,republika.co.id",5.0,"index, follow",1.0,5.0,73.0,0.0,0.0,0.0,"{'og:title': 'Republika Online', 'og:description': 'Republika Online - berita terkini, berita hari ini, membahas isu politik, Dunia Islam dan peristiwa terhangat indonesia', 'og:image': 'https://static.republika.co.id/files/images/republika.png', 'og:url': 'https://republika.co.id'}",1.0,1.0,1.0,2341.0,39.0,74.0,54.0,92.0,61.0
https://www.rspetrokimiagresik.com,1.0,1.0,RS. Petrokimia Gresik,2.0,,1.0,,1.0,Tidak ditemukan,0.0,0.0,0.0,0.0,5.0,0.0,"{'og:title': 'Tidak ditemukan', 'og:description': 'Tidak ditemukan', 'og:image': 'Tidak ditemukan', 'og:url': 'Tidak ditemukan'}",1.0,1.0,1.0,233.0,29.0,66.0,71.0,82.0,80.0
https://www.rspondokindah.co.id,1.0,1.0,"Rumah Sakit Terbaik di Jakarta, Indonesia | RS Pondok Indah",9.0,"RSPI Pondok Indah - 0217657525 | RSPI Puri Indah - 02125695200 | RSPI Bintaro Jaya - 02180828888 | Pusat Unggulan Kandungan, Ortopedi, Anak, Gigi & Mulut.",4.0,Tidak ditemukan,1.0,"index, follow",0.0,6.0,30.0,0.0,0.0,0.0,"{'og:title': 'Tidak ditemukan', 'og:description': 'Tidak ditemukan', 'og:image': 'Tidak ditemukan', 'og:url': 'Tidak ditemukan'}",1.0,1.0,1.0,1565.0,51.0,78.0,96.0,92.0,61.0
https://www.rspondokindah.co.id/id,1.0,1.0,"Rumah Sakit Terbaik di Jakarta, Indonesia | RS Pondok Indah",9.0,"RSPI Pondok Indah - 0217657525 | RSPI Puri Indah - 02125695200 | RSPI Bintaro Jaya - 02180828888 | Pusat Unggulan Kandungan, Ortopedi, Anak, Gigi & Mulut.",4.0,Tidak ditemukan,1.0,"index, follow",0.0,6.0,30.0,0.0,0.0,0.0,"{'og:title': 'Tidak ditemukan', 'og:description': 'Tidak ditemukan', 'og:image': 'Tidak ditemukan', 'og:url': 'Tidak ditemukan'}",1.0,1.0,1.0,1565.0,16.0,78.0,96.0,92.0,48.0
https://www.rssemengresik.com,1.0,1.0,Beranda | RS SEMEN GRESIK,4.0,Tidak ditemukan,1.0,Tidak ditemukan,1.0,Tidak ditemukan,0.0,0.0,0.0,4.0,0.0,6.0,"{'og:title': 'Beranda | RS SEMEN GRESIK', 'og:description': 'Tidak ditemukan', 'og:image': 'Tidak ditemukan', 'og:url': 'https://www.rssemengresik.com'}",1.0,1.0,1.0,194.0,44.0,92.0,96.0,92.0,97.0
https://www.setneg.go.id,1.0,1.0,Kementerian Sekretariat Negara RI,3.0,"Website Resmi Kementerian Sekretariat Negara. Kementerian Sekretariat Negara adalah kementerian yang dipimpin oleh Menteri Sekretaris Negara, dan berkedudukan di bawah serta bertanggung jawab kepada Presiden",2.0,"kementerian sekretariat negara, kemensetneg, kemensesneg, setneg, sesneg, sekneg",6.0,Tidak ditemukan,6.0,0.0,8.0,17.0,38.0,3.0,"{'og:title': 'Kementerian Sekretariat Negara RI', 'og:description': 'Website Resmi Kementerian Sekretariat Negara. Kementerian Sekretariat Negara adalah kementerian yang dipimpin oleh Menteri Sekretaris Negara, dan berkedudukan di bawah serta bertanggung jawab kepada Presiden', 'og:image': 'https://www.setneg.go.id/classic/topbar/assets/images/logo.png', 'og:url': 'https://setneg.go.id/'}",1.0,1.0,1.0,725.0,50.0,75.0,89.0,83.0,54.0
https://www.sidoarjokab.go.id/,1.0,1.0,Website Resmi Pemerintah Kabupaten Sidoarjo  - Home,7.0,Portal Website Pemerintah Kabupaten Sidoarjo,1.0,"Sidoarjo, Sidoarjokab, Pemkab Sidoarjo, kabupaten sidoarjo, pemerintah kabupaten sidoarjo",5.0,Tidak ditemukan,1.0,12.0,30.0,1.0,20.0,0.0,"{'og:title': 'Website Resmi Pemerintah Kabupaten Sidoarjo', 'og:description': 'Website Resmi Pemerintah Kabupaten Sidoarjo', 'og:image': 'Tidak ditemukan', 'og:url': 'https://www.sidoarjokab.go.id/'}",1.0,1.0,1.0,3026.0,,,,,43.0
https://www.siloamhospitals.com,,,,,,,,,,,,,,,,,,,,,17.0,78.0,50.0,92.0,57.0
https://www.sindonews.com,,,,,,,,,,,,,,,,,,,,,44.0,85.0,75.0,100.0,71.0
https://www.suara.com,1.0,1.0,"Suara.com - Berita Hari ini, Berita Terbaru dan Terkini",8.0,"Portal berita yang menyajikan informasi terhangat baik peristiwa politik, entertainment dan lain lain",2.0,"Berita, Terkini, terlengkap, politik, bisnis, olahraga, bola, entertainment, gosip, lifestyle, tekno, otomotif, liga",13.0,"index,follow",1.0,76.0,11.0,0.0,0.0,0.0,"{'og:title': 'Suara.com - Berita Hari ini, Berita Terbaru dan Terkini', 'og:description': 'Portal berita yang menyajikan informasi terhangat baik peristiwa politik, entertainment dan lain lain', 'og:image': 'https://assets.suara.com/suara/desktop/images/suara-default.jpg', 'og:url': 'https://www.suara.com/'}",1.0,1.0,1.0,2060.0,,,,,76.0
https://www.traveloka.com,0.0,0.0,Tidak ditemukan,1.0,Tidak ditemukan,1.0,Tidak ditemukan,1.0,Tidak ditemukan,0.0,0.0,0.0,0.0,0.0,0.0,"{'og:title': 'Tidak ditemukan', 'og:description': 'Tidak ditemukan', 'og:image': 'Tidak ditemukan', 'og:url': 'Tidak ditemukan'}",1.0,1.0,1.0,0.0,36.0,78.0,96.0,92.0,87.0
https://www.tribunnews.com,,,,,,,,,,,,,,,,,,,,,32.0,77.0,46.0,100.0,63.0
https://www.ub.ac.id,,,,,,,,,,,,,,,,,,,,,31.0,95.0,75.0,92.0,81.0
https://www.ugm.ac.id,1.0,1.0,Berita - Universitas Gadjah Mada,4.0,"Berita terbaru mengenai kampus, kegiatan pendidikan, penelitian, pengabdian, prestasi, dan berita menarik lainnya di laman resmi UGM.",6.0,Tidak ditemukan,1.0,"index, follow, max-image-preview:large, max-snippet:-1, max-video-preview:-1",1.0,9.0,56.0,0.0,0.0,0.0,"{'og:title': 'Berita - Universitas Gadjah Mada', 'og:description': 'Berita terbaru mengenai kampus, kegiatan pendidikan, penelitian, pengabdian, prestasi, dan berita menarik lainnya di laman resmi UGM.', 'og:image': 'https://ugm.ac.id/wp-content/uploads/2023/04/cropped-Simbol-Logo-Garis.png', 'og:url': 'https://ugm.ac.id/id/'}",1.0,1.0,1.0,1127.0,[33.0],[73.0],[93.0],[100],68.0
https://www.um.ac.id,1.0,1.0,Universitas Negeri Malang (UM),3.0,The Learning University,1.0,Tidak ditemukan,1.0,max-image-preview:large,0.0,6.0,21.0,0.0,0.0,0.0,"{'og:title': 'Tidak ditemukan', 'og:description': 'Tidak ditemukan', 'og:image': 'Tidak ditemukan', 'og:url': 'Tidak ditemukan'}",1.0,1.0,1.0,558.0,12.0,80.0,68.0,85.0,61.0
https://www.unair.ac.id,1.0,1.0,Beranda UNAIR - Universitas Airlangga Official Website,6.0,"Beranda UNAIR, salah satu universitas terbaik di Indonesia, universitas mandiri, inovatif, terkemuka, pelopor berdasarkan moral agama.",6.0,Tidak ditemukan,1.0,"index, follow, max-image-preview:large, max-snippet:-1, max-video-preview:-1",11.0,16.0,6.0,16.0,12.0,0.0,"{'og:title': 'Beranda UNAIR - Universitas Airlangga Official Website', 'og:description': 'Beranda UNAIR, salah satu universitas terbaik di Indonesia, universitas mandiri, inovatif, terkemuka, pelopor berdasarkan moral agama.', 'og:image': 'https://unair.ac.id/wp-content/uploads/2021/03/followus.png', 'og:url': 'https://unair.ac.id/'}",1.0,1.0,1.0,870.0,28.999999999999996,82.0,96.0,92.0,69.0
https://www.unand.ac.id,0.0,1.0,Home - Universitas Andalas,3.0,"Universitas Andalas, abbreviated Unand, is an accredited public university in West Sumatra, Indonesia. Known in science, technology, and social sciences.",6.0,Tidak ditemukan,1.0,Tidak ditemukan,0.0,0.0,24.0,14.0,0.0,0.0,"{'og:title': 'Tidak ditemukan', 'og:description': 'Tidak ditemukan', 'og:image': 'Tidak ditemukan', 'og:url': 'Tidak ditemukan'}",1.0,1.0,1.0,632.0,,,,,55.0
https://www.undip.ac.id,1.0,1.0,Universitas Diponegoro - The Excellent Research University,6.0,"Universitas Diponegoro (UNDIP) adalah universitas negeri terkemuka di Jawa Tengah yang menawarkan berbagai program studi berkualitas di jenjang S1, S2, S3, dan profesi. Undip berkomitmen untuk menghasilkan lulusan yang unggul dan berdaya saing global.",4.0,Tidak ditemukan,1.0,"index, follow, max-image-preview:large, max-snippet:-1, max-video-preview:-1",0.0,14.0,20.0,0.0,0.0,0.0,"{'og:title': 'Universitas Diponegoro', 'og:description': 'Muladi Dome, Gedung Serba Guna terbesar di Jawa Tengah.Read morePeresmian Gedung Woerjanto, S.H. Fakultas Hukum Universitas Diponegoro.Rektor UNDIP Resmikan Pil', 'og:image': 'https://www.undip.ac.id/wp-content/uploads/2023/11/logo-undip.jpg', 'og:url': 'https://www.undip.ac.id/'}",1.0,1.0,1.0,780.0,43.0,90.0,93.0,92.0,65.0
https://www.unhas.ac.id,1.0,1.0,Hasanuddin University Official Site,3.0,Discover how top-notch research at Unhas in Indonesia leads to sustainable outcomes in marine resource management. Find innovative solutions today!,1.0,Tidak ditemukan,1.0,"index, follow, max-snippet:-1, max-image-preview:large, max-video-preview:-1",2.0,20.0,0.0,2.0,0.0,0.0,"{'og:title': 'Hasanuddin University Official Site', 'og:description': 'Discover how top-notch research at Unhas in Indonesia leads to sustainable outcomes in marine resource management. Find innovative solutions today!', 'og:image': 'https://www.unhas.ac.id/wp-content/uploads/2024/02/Gedung-Rektorat.webp', 'og:url': 'https://www.unhas.ac.id/'}",1.0,1.0,1.0,551.0,51.0,86.0,96.0,92.0,80.0
https://www.unnes.ac.id,,,,,,,,,,,,,,,,,,,,,30.0,90.0,100.0,85.0,94.0
https://www.unpad.ac.id,,,,,,,,,,,,,,,,,,,,,46.0,87.0,96.0,67.0,86.0
https://www.unsri.ac.id,0.0,0.0,Universitas Sriwijaya,1.0,,1.0,Tidak ditemukan,1.0,Tidak ditemukan,7.0,7.0,5.0,12.0,3.0,0.0,"{'og:title': 'Tidak ditemukan', 'og:description': 'Tidak ditemukan', 'og:image': 'Tidak ditemukan', 'og:url': 'Tidak ditemukan'}",1.0,1.0,1.0,482.0,8.0,68.0,93.0,73.0,44.0
https://www.unud.ac.id,1.0,1.0,UNUD | Universitas Udayana,3.0,"Lembaga pendidikan tinggi atau Universitas di Bali yang menghasilkan sumber daya manusia unggul, mandiri, dan
    berbudaya",3.0,"UNUD, Universitas Udayana, Udayana University, Universty of Udayana, Bali, Badung, Denpasar, Indonesia,  perguruan tinggi negeri, Sastra, Kedokteran, Hukum, Ekonomi dan Bisnis, Teknik, Pertanian, Peternakan, MIPA, Kedokteran Hewan, Teknologi Pertanian, Pariwisata,Kelautan dan Perikanan, Pasca Sarjana, World Class University, Unggul, Mandiri, Berbudaya",26.0,Tidak ditemukan,0.0,4.0,0.0,6.0,0.0,0.0,"{'og:title': 'Tidak ditemukan', 'og:description': 'Tidak ditemukan', 'og:image': 'Tidak ditemukan', 'og:url': 'Tidak ditemukan'}",1.0,1.0,1.0,444.0,15.0,76.0,100.0,92.0,81.0
https://www.uny.ac.id,0.0,1.0,Home | Universitas Negeri Yogyakarta,4.0,Tidak ditemukan,1.0,Tidak ditemukan,1.0,Tidak ditemukan,1.0,5.0,0.0,0.0,0.0,0.0,"{'og:title': 'Tidak ditemukan', 'og:description': 'Tidak ditemukan', 'og:image': 'Tidak ditemukan', 'og:url': 'Tidak ditemukan'}",1.0,1.0,1.0,538.0,51.0,78.0,68.0,83.0,67.0
https://www.upi.edu,,,,,,,,,,,,,,,,,,,,,26.0,77.0,89.0,83.0,65.0
https://www.upnjatim.ac.id/,1.0,1.0,"Beranda - UPN ""Veteran"" Jawa Timur",5.0,Tidak ditemukan,1.0,Tidak ditemukan,1.0,"max-snippet:-1, max-image-preview:large, max-video-preview:-1",0.0,17.0,3.0,6.0,3.0,0.0,"{'og:title': 'Beranda - UPN ""Veteran"" Jawa Timur', 'og:description': 'Tidak ditemukan', 'og:image': 'Tidak ditemukan', 'og:url': 'https://www.upnjatim.ac.id/'}",1.0,1.0,1.0,802.0,,,,,58.0
https://www.upnyk.ac.id,0.0,0.0,Home | UPN VETERAN Yogyakarta,4.0,UPN VETERAN Yogyakarta kampus bela negara,1.0,"UPN, Universitas Pembangunan Nasional, UPN Veteran Yogyakarta, Jogja, Jogjakarta, Yogyakarta, Yogya, Jawa Tengah, Indonesia,  Teknologi, Teknik, Engineering, Insinyur, Pertanian, Pertambangan, Perminyakan, mineral, isipol, Technology, Kuliah kerja nyata, peneltian, pengabdian pada masyarakat, Widya Mwat Yasa, Condong Catur, Mahasiswa, Universitas",26.0,Tidak ditemukan,0.0,3.0,4.0,14.0,2.0,0.0,"{'og:title': 'UPN VETERAN Yogyakarta', 'og:description': 'UPN VETERAN Yogyakarta kampus bela negara', 'og:image': 'Tidak ditemukan', 'og:url': 'https://www.upnyk.ac.id/'}",1.0,1.0,1.0,1530.0,31.0,67.0,100.0,91.0,
https://www.upnyk.ac.id/,,,,,,,,,,,,,,,,,,,,,,,,,55.0
https://www.viva.co.id,1.0,1.0,Viva.co.id: Berita Terkini Informasi Terbaru Nasional & Internasional,7.0,"Viva.co.id - Berita terbaru nasional dan mancanegara terkait isu terkini. Menyajikan berita lokal, olahraga, bisnis, politik, hingga peristiwa trending, dan gosip artis",6.0,"berita hari ini, berita terbaru, berita harian, berita terkini, berita indonesia, berita showbiz, berita bola, berita olahraga, berita politik",9.0,"index, follow",1.0,50.0,30.0,5.0,0.0,0.0,"{'og:title': 'Viva.co.id: Berita Terkini Informasi Terbaru Nasional & Internasional', 'og:description': 'Viva.co.id - Berita terbaru nasional dan mancanegara terkait isu terkini. Menyajikan berita lokal, olahraga, bisnis, politik, hingga peristiwa trending, dan gosip artis', 'og:image': 'https://www.viva.co.id/asset-viva/responsive-web/img/share-logo-viva.jpg?v=2.85', 'og:url': 'https://www.viva.co.id/'}",1.0,1.0,1.0,1290.0,34.0,84.0,56.99999999999999,100.0,73.0
https://zalora.co.id,,,,,,,,,,,,,,,,,,,,,32.0,79.0,54.0,92.0,88.0
